star,flare_id,start_btjd,peak_btjd,end_btjd,duration_min,peak_flux,amplitude,local_noise,equivalent_duration_s,approx_energy_erg
EV Lac,EV_Lac_001,2825.3635523524226,2825.3644783051623,2825.367950627293,6.333515813166741,1.0053803185642851,0.009943273698722055,0.0011744929005631725,2.1319250606486824,1.0681429793354552e+32
EV Lac,EV_Lac_002,2825.3774416414144,2825.386006702564,2825.3959606924727,26.667433523980435,1.0326721832993908,0.030005836586750156,0.006348502548334995,44.799175167454045,2.2445406416197087e+33
EV Lac,EV_Lac_003,2826.7786374418256,2826.779331904575,2826.782572730197,5.666815254808171,1.0141430510285128,0.01285028717543768,0.0008418473541688653,1.9871605856070786,9.956126824094353e+31
EV Lac,EV_Lac_004,2826.9196133483993,2826.9228541735556,2826.930030286155,15.000390368586523,1.0207010067977758,0.021167999146245564,0.0020053492889309907,12.36684609298849,6.196071369754656e+32
EV Lac,EV_Lac_005,2827.9633898163943,2827.968945509081,2827.9758901251726,18.000444640711066,1.00957914627817,0.009247371872727284,0.0011701807036559886,6.883011410281288,3.448545378204231e+32
EV Lac,EV_Lac_006,2829.146983087695,2829.151612825779,2829.160177840828,19.000444511693786,1.0347815681226613,0.032606161840266434,0.007552622552909768,23.200253770849578,1.1623855191511143e+33
EV Lac,EV_Lac_007,2829.9479274061264,2829.9490848395417,2829.9525571400204,6.666816807410214,1.025448927983063,0.025716917125843675,0.0007664705198235965,4.771543423372339,2.3906518584282006e+32
EV Lac,EV_Lac_008,2831.2632339488014,2831.2646228670824,2831.2697155676833,9.333531189986388,1.018121771771639,0.017875587092470946,0.0020769727149106913,4.66337592988793,2.3364574822325712e+32
EV Lac,EV_Lac_009,2831.9556095053613,2831.956998422945,2831.9590817988556,5.000102631747723,1.0169782842377546,0.01611987417460914,0.0014552520465623813,2.6059160925668956,1.3056232746594182e+32
EV Lac,EV_Lac_010,2834.1450040274894,2834.1487077995635,2834.1561153439443,16.000295694975648,1.0155944314714551,0.014669670710021343,0.0024690433334503634,10.253079937198923,5.137026415061672e+32
EV Lac,EV_Lac_011,2838.1082661993123,2838.1098865957097,2838.112664418304,6.333435348205967,1.0145543574032236,0.014550125257669189,0.0007773811943845937,2.9844427702404217,1.4952737556782627e+32
EV Lac,EV_Lac_012,2841.536552505926,2841.5388673441184,2841.542571085227,8.666754193254746,1.010491806006828,0.010389903960312363,0.000972204855552923,4.1941314519415505,2.10135531848304e+32
EV Lac,EV_Lac_013,2842.4698946657873,2842.471283567073,2842.4740613694116,6.000053219104302,1.0199219866523945,0.019699025104161105,0.0013522602977357433,3.7345603158861738,1.8710997191922247e+32
EV Lac,EV_Lac_014,2842.5698955425196,2842.57105295987,2842.573367794802,5.000043286563596,1.009731367121087,0.009410378367092243,0.0008056740580880598,1.5846841380476018,7.939628215659576e+31
EV Lac,EV_Lac_015,2843.1550856035547,2843.1557800534993,2843.1608726868117,8.333399890107103,1.011046892245177,0.010652013899551838,0.0014309885376721809,2.5804963513838652,1.2928874057574801e+32
EV Lac,EV_Lac_016,2846.2122804613446,2846.213206391499,2846.216215664269,5.666692211088957,1.0186869070112827,0.017870536308074447,0.0007925728900408548,3.3703484103459327,1.6886212648253407e+32
EV Lac,EV_Lac_017,2846.3150586947786,2846.324780959541,2846.333114329303,26.000113715199404,1.0213685371743575,0.0206916551498888,0.003160983024244089,34.18552046732481,1.712772383799975e+33
EV Lac,EV_Lac_018,2846.8893665894116,2846.8935332716155,2846.9032555305557,20.000075247589848,1.0302815070075266,0.031326162199720065,0.002680660718323889,25.166865197832806,1.2609172277738301e+33
EV Lac,EV_Lac_019,2852.8210863425684,2852.822012267601,2852.8231696744733,2.9999979431158863,1.0111966682775986,0.01063204964651554,0.00230814866924387,1.5710491953541799,7.871314049367125e+31
AD Leo,AD_Leo_001,2526.572705705125,2526.572937208972,2526.5743262321694,2.333558944010292,1.0002424453686087,0.003552063224980473,0.006791861415876613,6.447780782318031,5.494503447319221e+32
AD Leo,AD_Leo_002,2527.03131510967,2527.0331671424215,2527.0345561670147,4.667122576647671,0.9966861340371707,0.0002084675112162815,0.008529119460516842,10.957601813851245,9.337566361695108e+32
AD Leo,AD_Leo_003,2527.054465519832,2527.055160032187,2527.0560860485043,2.3335612883238355,1.0793054843431469,0.08328732983894416,0.007896649007344953,7.799364140010152,6.646260876564333e+32
AD Leo,AD_Leo_004,2527.0579380813733,2527.0586325937284,2527.0593271060825,2.000195581204025,1.048949880258204,0.05293172575400129,0.007813937256807568,8.403368830289587,7.16096600767523e+32
AD Leo,AD_Leo_005,2527.3211583044026,2527.322547329578,2527.3232418421658,3.0002943789440906,1.046864281602321,0.05111390923427406,0.009597101177844718,11.6252993676842,9.906547633726332e+32
AD Leo,AD_Leo_006,2527.412833971457,2527.4137599882406,2527.414454500945,2.3335624624451157,1.1188185379595175,0.12455334045746369,0.012467821995267773,7.812955671417624,6.657842957080701e+32
AD Leo,AD_Leo_007,2527.708001902628,2527.7086964154482,2527.7096224326983,2.333563301290269,1.1033664310739293,0.10836770734581058,0.009767692763576207,9.454723292955578,8.056882124320247e+32
AD Leo,AD_Leo_008,2527.9149667603,2527.915661273353,2527.9165872907192,2.333563803549623,1.0759938510991538,0.08060408128529972,0.011462082981867214,5.8796229703339025,5.0103453839543794e+32
AD Leo,AD_Leo_009,2528.0939196235363,2528.0948456410188,2528.09530864976,2.0001977624633582,1.098906786451644,0.10426701323900744,0.012489403308510038,6.5608939936279915,5.5908933449386145e+32
AD Leo,AD_Leo_010,2528.141609523753,2528.1443875761984,2528.1462396111638,6.667325871821959,1.0043953632491287,0.009140371885900556,0.01216858596167081,18.544069340072102,1.5802406495545028e+33
AD Leo,AD_Leo_011,2528.2504165831456,2528.2508795918866,2528.254352157736,5.667227410012856,1.0957264478734268,0.10018369761501278,0.012101091632337262,14.134582380516424,1.2044843681587559e+33
AD Leo,AD_Leo_012,2528.493496209935,2528.494885236507,2528.4955797497933,3.000297395774396,1.0775778465890877,0.08395498071569707,0.01271941725103568,8.978110077752145,7.650734173205864e+32
AD Leo,AD_Leo_013,2528.6421220548227,2528.643511081511,2528.6446686036543,3.6670303174469154,1.0552063812903034,0.057981166594348266,0.008037286909123652,7.063644835710015,6.0193145844661205e+32
AD Leo,AD_Leo_014,2528.9428463426943,2528.944466873928,2528.9449298829018,3.0002978986885864,1.052974023587939,0.056648169492429123,0.011066478845978958,12.795988240555253,1.0904155068732174e+33
AD Leo,AD_Leo_015,2529.1287444390277,2529.12990196152,2529.130827979468,3.0002982339647133,1.105831168688083,0.11256225064747549,0.010573183987622397,10.55758488338072,8.996690255999377e+32
AD Leo,AD_Leo_016,2529.285009971741,2529.285935989805,2529.286398998779,2.00019893462013,1.017493970352348,0.0210613738948755,0.008260321278524173,5.047295466599511,4.301074009358561e+32
AD Leo,AD_Leo_017,2529.6301831973633,2529.6306462063367,2529.6318037289466,2.3335654799302574,1.1152260215153074,0.11846030726264078,0.012905422248930003,8.770847297846206,7.474114325673651e+32
AD Leo,AD_Leo_018,2529.7649188312407,2529.7656133448763,2529.767002372031,3.000298738188576,1.1085052695084243,0.11260107403131647,0.010131062682230536,8.758194865900986,7.463332502704324e+32
AD Leo,AD_Leo_019,2529.828351072775,2529.829740099929,2529.8306661181095,3.333665281534195,1.0732168286462582,0.07612479322228638,0.008542376539809526,9.766608694888937,8.322656578189832e+32
AD Leo,AD_Leo_020,2530.1837105432032,2530.1846365613856,2530.185794084111,3.0002989071363118,1.0683517410591536,0.07307362720014265,0.00988953459137136,7.987746610068979,6.806791788842125e+32
AD Leo,AD_Leo_021,2530.311038046132,2530.311964064371,2530.3128900825513,2.6669324436807074,1.0783696262627598,0.08252166776328917,0.012508334536854408,6.694346038885459,5.7046150652442706e+32
AD Leo,AD_Leo_022,2530.3830359624717,2530.384656494406,2530.385351008041,3.3336656200845027,1.0574269399012444,0.06278955308526046,0.012011959483523644,10.049176572252147,8.563447980486184e+32
AD Leo,AD_Leo_023,2530.405491904402,2530.406186418096,2530.4071124362763,2.333565899025416,1.0863479833766891,0.09058811617910667,0.012099524911388401,5.625759423431496,4.794014497298135e+32
AD Leo,AD_Leo_024,2530.7622404327203,2530.763166450959,2530.764092469256,2.666932611318771,0.9952751901327147,0.0013928954931187176,0.009271285128627979,5.385226976699918,4.589043763587232e+32
AD Leo,AD_Leo_025,2530.931933279928,2530.9328592981674,2530.9333223073154,2.00019943753432,1.084605033627205,0.08977952322391247,0.009356634941054744,5.377385366752732,4.582361502768828e+32
AD Leo,AD_Leo_026,2531.2470109989067,2531.248168521807,2531.2490945400455,3.000299239793094,1.07289985708854,0.07918065388233964,0.011762603857589794,6.606999116188968,5.630182018577312e+32
AD Leo,AD_Leo_027,2531.3053501507493,2531.306970682741,2531.3076651964348,3.33366578706773,1.0942497901153887,0.09734042208633875,0.008561667519339088,9.939418664378762,8.469917318768487e+32
AD Leo,AD_Leo_028,2531.3356772495436,2531.3372977815343,2531.338455304376,4.000398958887672,1.0978293139003996,0.10327273696062211,0.01173130470007964,9.163406430132836,7.808635237355468e+32
AD Leo,AD_Leo_029,2531.4278160687654,2531.428279077914,2531.430131114449,3.3336657844483852,1.093344083674461,0.0999587962784435,0.011292986139292142,11.060955839700735,9.425639928476669e+32
AD Leo,AD_Leo_030,2531.4465679390196,2531.4472624527134,2531.447956966407,2.0001994381891564,1.081502886242247,0.08732878470341099,0.012684521405970582,5.389020238419645,4.5922762074775056e+32
AD Leo,AD_Leo_031,2531.563940756342,2531.564172260887,2531.5655612883324,2.3335660660086432,1.080258148106893,0.08766679292888901,0.011806092859436382,6.3538868969249815,5.414491378920575e+32
AD Leo,AD_Leo_032,2531.75632105375,2531.758173090286,2531.762108667962,8.33416446504998,1.095078412584158,0.09270261727870133,0.011183962621216766,17.63856681624202,1.5030778720546137e+33
AD Leo,AD_Leo_033,2534.3820452332457,2534.382971250845,2534.3836657640736,2.3335643922473537,1.091191085226253,0.09109018467399155,0.004907683220113711,9.664642843961552,8.235765950492664e+32
AD Leo,AD_Leo_034,2536.1055943448587,2536.1065203609446,2536.107214873008,2.3335605352622224,1.042659529546979,0.041845268467733954,0.007265858692639439,5.911553063464631,5.037554746788354e+32
AD Leo,AD_Leo_035,2536.474148625617,2536.4748431372154,2536.475769152661,2.333558943355456,1.1096204815658337,0.10860287733748542,0.007712282552600565,8.055225746009318,6.864294417663359e+32
AD Leo,AD_Leo_036,2536.96702005682,2536.967714567516,2536.968640581769,2.3335559265251504,1.051053963298525,0.048954272461937176,0.008295452286731985,3.2229569899212436,2.7464563218784687e+32
AD Leo,AD_Leo_037,2537.0908744393873,2537.0915689497924,2537.0927264671336,2.6669199546449818,1.083598848318176,0.08502245838884948,0.009107570194841876,7.589658407013846,6.467559256305994e+32
AD Leo,AD_Leo_038,2537.4990147151457,2537.500172230435,2537.5008667396028,2.6669152182148537,1.0613199925075116,0.062342178796983116,0.008598863009368268,8.102710100030311,6.904758409177704e+32
AD Leo,AD_Leo_039,2537.7434817804797,2537.7471858243034,2537.752510387151,13.001193606396555,1.090779858655277,0.09028383236810411,0.008788675162404468,38.54061064325539,3.28425430687525e+33
AD Leo,AD_Leo_040,2537.801357456031,2537.8020519640204,2537.802746471995,2.000182988049346,1.0837560274499147,0.08463176029791086,0.008714078095524855,7.054683473297339,6.011678121885979e+32
AD Leo,AD_Leo_041,2540.2129308422777,2540.213393851741,2540.2143198706653,2.0002008781739278,1.0252769334063216,0.018569130901240127,0.005295682618241488,3.8494583288592144,3.2803320665354155e+32
AD Leo,AD_Leo_042,2540.2867808544934,2540.2881698829938,2540.288632892495,2.666934722510632,1.036657232896566,0.03632077089032104,0.007470694642767496,3.0879238816587264,2.6313872920992186e+32
AD Leo,AD_Leo_043,2540.328683215132,2540.329377729412,2540.330303748452,2.333567980749649,1.070711897083569,0.07687201059234261,0.006101486191198138,5.958755164887432,5.07777821556687e+32
AD Leo,AD_Leo_044,2540.9609228713116,2540.961617385893,2540.962311900474,2.0002019940147875,1.0403060934442254,0.03740426290101051,0.00873063109263976,4.753867621508746,4.051028239996805e+32
AD Leo,AD_Leo_045,2541.233404107894,2541.2366451762837,2541.2382657104727,7.000707713450538,1.0138966009620773,0.011383002404559583,0.0064022933466507965,7.102867801956906,6.052738599725546e+32
AD Leo,AD_Leo_046,2542.076081957695,2542.077470987179,2542.078397006829,3.333670753345359,1.0751517043838796,0.07815149636987984,0.006567218027209917,13.34605372647444,1.1372895680528801e+33
AD Leo,AD_Leo_047,2542.232810784202,2542.233968308775,2542.2348943284255,3.000303682201775,1.0512210242335005,0.05070754391300247,0.005849820533995677,8.158148616032891,6.952000573198816e+32
AD Leo,AD_Leo_048,2542.80578543542,2542.806942959921,2542.8081004844526,3.3336706066620536,1.0358349011405374,0.03669793820329237,0.007297556754118056,7.5426870542207975,6.4275324209404986e+32
AD Leo,AD_Leo_049,2542.8777834599437,2542.8787094795516,2542.8791724893404,2.000202331255423,1.1110983613458683,0.11335015726095066,0.008229851851995502,7.971655067545107,6.793079313363343e+32
AD Leo,AD_Leo_050,2543.254441921837,2543.255367941386,2543.2560624560397,2.3335692517866846,1.060246420846758,0.0620578835426423,0.005815404705674237,5.4257559258523385,4.623580677659261e+32
AD Leo,AD_Leo_051,2543.836676669155,2543.837371183722,2543.838297203125,2.3335689165105578,1.0317415680613755,0.029852671310105716,0.009107750946543463,3.816005576845202,3.2518251635452635e+32
AD Leo,AD_Leo_052,2544.1533752914766,2544.154301310792,2544.155921844588,3.6670364807650913,1.0140482813445029,0.016353356327020063,0.006220099205165641,7.5571145406201055,6.439826864010669e+32
AD Leo,AD_Leo_053,2544.2096309644376,2544.211019993367,2544.211483003039,2.6669355862395605,1.0371646698650239,0.039326447016479804,0.007905443702091619,7.8215450187719995,6.665162405468007e+32
AD Leo,AD_Leo_054,2544.451785000888,2544.4531740297307,2544.4538685441235,3.000302259242744,1.029728827836693,0.029974084065153672,0.006919856646490322,5.952996059568588,5.072870569805303e+32
AD Leo,AD_Leo_055,2548.6718807199304,2548.673038240211,2548.673501248312,2.333560869228677,1.0610373962554611,0.06421469152105208,0.006493447325952381,4.408606776554952,3.756812762320318e+32
AD Leo,AD_Leo_056,2549.8196766276337,2549.820371138242,2549.8212971522316,2.3335554209916154,1.0248695351135504,0.023328286841477475,0.009202193280957324,2.783535320385715,2.372001302453672e+32
YZ CMi,YZ_CMi_001,2231.227769848623,2231.233788396112,2231.2405013909947,18.33342101497692,1.0101210617062717,0.009247545417077507,0.0018376019096841677,11.276767634351328,3.23250737006275e+32
YZ CMi,YZ_CMi_002,2231.4986043883127,2231.501613659729,2231.5138822286344,22.000090063229436,1.0143958035678118,0.014192529455074432,0.001918047642356404,9.346450680555993,2.679178261755782e+32
YZ CMi,YZ_CMi_003,2232.0455970117855,2232.0467544223993,2232.0495322077813,5.666682234004838,1.0209114240138706,0.021186662873605377,0.001035553276159675,3.5090007986086293,1.0058619021736138e+32
YZ CMi,YZ_CMi_004,2232.0967545574094,2232.0983749321776,2232.102773091861,8.666689610035974,1.0227232229871503,0.023097260008957732,0.0011583774573771376,5.9688603494042995,1.7109854256063678e+32
YZ CMi,YZ_CMi_005,2234.75554943106,2234.756475353777,2234.7576327569404,2.9999892678461038,1.014487186502254,0.014248383951507515,0.0009218621509830922,1.5168911517225334,4.348197982362805e+31
YZ CMi,YZ_CMi_006,2236.2532264160172,2236.2543838149904,2236.258318971405,7.333279758458957,1.0090434443413823,0.008226023362278179,0.0008968085182930508,2.754543647130307,7.895952926603363e+31
YZ CMi,YZ_CMi_007,2236.904841522337,2236.9071563165576,2236.910165549324,7.6665988615422975,1.0188351479214133,0.019017628703106415,0.0008207474709887153,5.125148798239414,1.4691338688677467e+32
YZ CMi,YZ_CMi_008,2236.9411837903926,2236.942572667018,2236.9446559817234,4.999955516250338,1.011068825394131,0.011398544124488708,0.0007237247520468471,2.080478340034372,5.963731616612205e+31
YZ CMi,YZ_CMi_009,2238.44163038837,2238.4430192589416,2238.4455655224338,5.666593051864766,1.0118895149825298,0.01207389300505779,0.0007470027105079412,1.8048821229251382,5.173729701299832e+31
YZ CMi,YZ_CMi_010,2238.715932297463,2238.719172993913,2238.7254229082264,13.666479499224806,1.011815352883858,0.011985793277147438,0.0019874664124702427,7.675422965089275,2.2001749178036652e+32
YZ CMi,YZ_CMi_011,2239.5990209017095,2239.5999468123205,2239.602030111659,4.333262327418197,1.0099214612043583,0.009848208788705959,0.0008140722897237865,1.8192298413507906,5.214857715158366e+31
YZ CMi,YZ_CMi_012,2239.8911456023825,2239.893460376579,2239.900173222917,12.999773569899844,1.0294672231795574,0.029621907304066664,0.0020498499261633143,12.491153389408488,3.580613408123123e+32
YZ CMi,YZ_CMi_013,2240.3277117468388,2240.330257994964,2240.334887536839,10.33313760002784,1.0208631609455223,0.02077970452423661,0.00113900071859731,7.077799693285893,2.0288650448627062e+32
YZ CMi,YZ_CMi_014,2240.6397426692793,2240.642057437424,2240.6455295891724,8.333164646101068,1.0164756912078823,0.016066653560801614,0.0008837034285296843,4.758789288662604,1.364116203061446e+32
YZ CMi,YZ_CMi_015,2240.8320998148483,2240.8346460578514,2240.8381182072717,8.66648508963408,1.0095095804769334,0.008975887241739144,0.0010399792837454905,4.230045159191382,1.2125506702055008e+32
YZ CMi,YZ_CMi_016,2242.4498941083007,2242.4517459360404,2242.4542921995317,6.33325137263455,1.0135858544330187,0.011523512963695914,0.0009074449653194881,3.6127781506145804,1.0356098819211924e+32
YZ CMi,YZ_CMi_017,2242.749195764056,2242.751742026615,2242.7549827249277,8.333223655354232,1.0109509402699495,0.010794389872907484,0.0011148481272742767,3.7323598285947086,1.0698882024407824e+32
YZ CMi,YZ_CMi_018,2242.9163231661096,2242.922110125119,2242.9295174323515,18.999743388412753,1.011086794662187,0.010423067360314509,0.0022419899660449795,15.006711136393603,4.30170292779873e+32
YZ CMi,YZ_CMi_019,2243.1834491203563,2243.1855324243515,2243.1903934671627,9.999859401286812,1.0102799844437456,0.011006199672578099,0.0011711807561999533,5.34166135349489,1.5311976138404168e+32
YZ CMi,YZ_CMi_020,2243.4913150539096,2243.4998797419553,2243.5093703420084,25.999614862303133,1.0115769630057896,0.011136752915213766,0.002378647814778163,20.48282723363373,5.8714422553809836e+32
YZ CMi,YZ_CMi_021,2243.8114490855833,2243.8133009086655,2243.8163101209434,6.999890918596066,1.008847073784979,0.008600729448975386,0.0018072776153412358,2.0448571461150604,5.861622771588343e+31
YZ CMi,YZ_CMi_022,2246.2283024950048,2246.2289969247017,2246.231774643029,4.999893154890742,1.0115247093263595,0.01114697100853057,0.0012653686717299293,1.7474822757879316,5.009191923340937e+31
YZ CMi,YZ_CMi_023,2246.6616263392666,2246.6625522442882,2246.6660243890537,6.333191693483968,1.0127554330874557,0.01303783858581109,0.0007697801487958464,3.028030450737049,8.679908167093293e+31
YZ CMi,YZ_CMi_024,2247.735212065682,2247.736600919957,2247.740767482778,7.999800618636073,1.020974572173256,0.020640763916546234,0.0017222666496828623,4.637850770985128,1.3294489418042364e+32
YZ CMi,YZ_CMi_025,2248.4588045653745,2248.4597304666713,2248.462045219914,4.666542537161149,1.0097093999462758,0.010748123420197042,0.0006468037534667173,1.6664550317636262,4.776925752770413e+31
YZ CMi,YZ_CMi_026,2248.704862774979,2248.7062516259944,2248.7071775268255,3.333242658773088,1.011310484374622,0.011529006350128768,0.0007893955325339642,1.275670095105368,3.6567331330259814e+31
YZ CMi,YZ_CMi_027,2249.8351546854756,2249.8358491091194,2249.837237956873,2.999910812577582,1.017566219397535,0.017431008070607046,0.001001749853379926,2.281027060640777,6.538608423900565e+31
YZ CMi,YZ_CMi_028,2253.262815105563,2253.2660557186578,2253.2727684178453,14.332769686807296,1.0225044646856096,0.02172437646573533,0.0026303676777467023,13.061567277521624,3.7441236583206235e+32
YZ CMi,YZ_CMi_029,2253.9002892944463,2253.9042243153535,2253.9107055261784,14.999373694154201,1.0259177540101592,0.024656984690988315,0.002724138656532565,13.003026592479712,3.727342857120991e+32
UV Ceti,UV_Ceti_001,2116.6857014165516,2116.6870903374174,2116.690794126547,7.3335023935942445,1.0331110688480305,0.02448542945444121,0.0033309530555278117,4.5422657035090435,2.8355740231557816e+31
UV Ceti,UV_Ceti_002,2116.8956598583045,2116.896354318272,2116.8982062112054,3.666748177347472,1.0214447175620562,0.01002026887484564,0.0017853868463865556,0.991517434271232,6.189688722862659e+30
UV Ceti,UV_Ceti_003,2117.4975243707804,2117.5033115239803,2117.510950565457,19.333720334034297,1.0206405264320062,0.019531468495043836,0.003955094209278051,15.280321247262822,9.538958049226664e+31
UV Ceti,UV_Ceti_004,2117.5857205700777,2117.588498402496,2117.5977578448214,17.333675631016376,1.043208572292476,0.03849155078647781,0.003459687432482073,33.49269858172158,2.090829384779232e+32
UV Ceti,UV_Ceti_005,2118.001237791207,2118.0021637344153,2118.0042471064007,4.3334138787759,1.0658219165864076,0.056064930290271375,0.008058124097772427,6.56956062154036,4.101141733649775e+31
UV Ceti,UV_Ceti_006,2118.9348188719196,2118.93944857725,2118.947319075891,18.000293718650937,1.0821569177429313,0.0735648175326511,0.003363787896931642,33.46743338222953,2.0892521687367146e+32
UV Ceti,UV_Ceti_007,2119.6656172636394,2119.666311718018,2119.667932112345,3.333382136261207,1.0437965399478017,0.047174215533450026,0.0043073447535004975,5.610774995399076,3.502606158515743e+31
UV Ceti,UV_Ceti_008,2119.82927706093,2119.8308974547926,2119.836453090757,10.333482950809412,1.0503472462014423,0.03981272420448079,0.0049624618607343515,16.40763045633376,1.024269686988535e+32
UV Ceti,UV_Ceti_009,2120.417711142619,2120.4191000499804,2120.425350132873,11.000145966099808,1.117992237860341,0.11903905601089093,0.006438716543428813,36.27893369348857,2.2647640777503536e+32
UV Ceti,UV_Ceti_010,2120.455443124153,2120.4572950007896,2120.460998753133,8.000105731043732,1.0082117499948267,0.010067722152802827,0.002250928370877593,4.830479390089465,3.015495519635843e+31
UV Ceti,UV_Ceti_011,2120.6619272944663,2120.662390263275,2120.6640106543427,3.0000382220896427,1.0175562014582005,0.013663852981656177,0.002985110075674335,1.1546729590315634,7.208210310860787e+30
UV Ceti,UV_Ceti_012,2120.7790584136555,2120.7795213824647,2120.780910288895,2.6667003448528703,1.020490393146346,0.014466924451018492,0.0022584786633839775,0.9567243632888102,5.972488024569396e+30
UV Ceti,UV_Ceti_013,2121.2869349496286,2121.2878608863166,2121.2890183071777,3.0000348706380464,1.0173604183019025,0.028078371722926154,0.0018579736756861882,4.571179917511462,2.8536241328316392e+31
UV Ceti,UV_Ceti_014,2121.884858279576,2121.8890249904844,2121.8985158317646,19.666875151815475,1.097340505607022,0.09016079586863279,0.004510856766930553,74.13794041319944,4.628166463347469e+32
UV Ceti,UV_Ceti_015,2123.838348015736,2123.8385794989763,2123.840431364438,3.000022130800062,1.008575709258001,0.006768112655645364,0.001716416674354119,1.4133420405339083,8.822988872878816e+30
UV Ceti,UV_Ceti_016,2124.868678866177,2124.869373314503,2124.8700677628285,2.000011178024579,1.035828844678691,0.032567186304447215,0.0029608554575047603,2.4897484115671924,1.5542608867154843e+31
UV Ceti,UV_Ceti_017,2124.999466650009,2125.0003925811097,2125.002707408862,4.666692748724017,1.014537534875043,0.014676575303444017,0.002743714523764808,3.545687858256287,2.2134461172809214e+31
UV Ceti,UV_Ceti_018,2125.429098562076,2125.4302559750213,2125.431413388432,3.333349952372373,1.0242696110707525,0.021624981372663443,0.00200631362023956,1.8288967519000068,1.1417148311503039e+31
UV Ceti,UV_Ceti_019,2126.2057224356877,2126.210352083741,2126.2198428626243,20.333414788765367,1.13326833056124,0.1269858876079375,0.0033268658184428643,47.85081147096854,2.9871550202178287e+32
UV Ceti,UV_Ceti_020,2131.7585222591583,2131.7594481837396,2131.76338336391,6.999990842668922,1.1246066951931792,0.12893797688915143,0.004946683276909614,23.1479377707821,1.4450429657109024e+32
UV Ceti,UV_Ceti_021,2132.4291225746774,2132.430048497862,2132.4321318242132,4.3333193315629615,1.0664677202668773,0.07099614234348717,0.0052173614781453265,9.815781714133793,6.127641459649344e+31
UV Ceti,UV_Ceti_022,2133.206434094731,2133.2082859369093,2133.210832219963,6.333300334081287,1.030677519018566,0.02408745939764456,0.003983739106871606,5.245472636321033,3.274560960895752e+31
UV Ceti,UV_Ceti_023,2133.3853683148945,2133.386062755303,2133.3886090374253,4.6666404443385545,1.0378863796253848,0.04085192794861392,0.0030435091959111057,5.054619747688171,3.155418328435148e+31
UV Ceti,UV_Ceti_024,2133.5064324349682,2133.5071268753773,2133.5089787161587,3.666644914264907,1.047869997997749,0.05105644816822008,0.0036074948842831343,4.916862225471697,3.0694212342560095e+31
UV Ceti,UV_Ceti_025,2134.2754087557796,2134.28189018827,2134.2913808572584,22.9998261295259,1.09494234080668,0.08574126177882868,0.015576962025643926,114.92564355823265,7.17439689220365e+32
UV Ceti,UV_Ceti_026,2134.794386057474,2134.7953119755366,2134.8004045244143,8.666592393710744,1.0249772478404715,0.019478290378578844,0.0026163361782863,4.944077463216606,3.0864107338187175e+31
UV Ceti,UV_Ceti_027,2135.1978546608557,2135.1990120575024,2135.213132295382,21.999793717768625,1.1224590382913557,0.12449983246556484,0.0056808035471574035,52.11445031565886,3.253318744254976e+32
UV Ceti,UV_Ceti_028,2135.657109420512,2135.6649797100727,2135.675627749165,26.66639326038421,1.1497515220623753,0.14122370896787984,0.02331095902642974,151.1068545906064,9.43306049372874e+32
UV Ceti,UV_Ceti_029,2135.9476156295905,2135.9485415453246,2135.9515507725073,5.6666058002156205,1.0414708343359314,0.03238863855145002,0.00537240143903084,7.587151815968093,4.736387521865607e+31
UV Ceti,UV_Ceti_030,2136.1061787140748,2136.1068731507594,2136.1154378709516,13.333185902665718,1.0203255701662544,0.017363134801448687,0.0035449997095598038,6.6349712934855685,4.141975276712153e+31
UV Ceti,UV_Ceti_031,2136.4152029887073,2136.4177492554627,2136.423073267558,11.33320154476678,1.0733640045447972,0.06626850928204964,0.0020179105059561927,12.247782828683832,7.645852774187049e+31
UV Ceti,UV_Ceti_032,2137.353848719696,2137.3543116763994,2137.3570894170825,4.666604236481362,1.0410149180955817,0.038098688526359226,0.004946522670016453,4.855733048189389,3.031260475182693e+31
UV Ceti,UV_Ceti_033,2139.038777757045,2139.0397036681225,2139.0415554902775,3.9999358548084274,1.0110051921185526,0.010214890120672004,0.002020074420152733,1.4586917379415485,9.10609081433446e+30
UV Ceti,UV_Ceti_034,2139.1387761515552,2139.1397020626328,2139.1406279737093,2.666623901895946,1.0264512266969719,0.015268278845622874,0.0019018658958320433,0.9189703922875765,5.736803486433787e+30
UV Ceti,UV_Ceti_035,2139.3774296676415,2139.378355578254,2139.3792814888648,2.6666225614462746,1.0247904099099525,0.014422898381715621,0.0019157452678534323,2.380636201583652,1.4861460364548694e+31
UV Ceti,UV_Ceti_036,2140.1616755624073,2140.1623699949014,2140.1679254525197,8.999841761979042,1.0208640686152166,0.02411566903733464,0.003130120443397531,5.0449111987616595,3.149357628569597e+31
UV Ceti,UV_Ceti_037,2140.26352561749,2140.2658403912246,2140.2665348237188,4.333256969548529,1.0193343078366512,0.010936481883172977,0.001959057466356198,1.6126134878434737,1.0066969248379839e+31
UV Ceti,UV_Ceti_038,2140.4866697829793,2140.4871327378196,2140.4882901242217,2.3332913890772033,1.0145664963666698,0.0073603028662407866,0.001484749242593817,0.8845370792453218,5.521848628292442e+30
UV Ceti,UV_Ceti_039,2140.5429187697628,2140.5433817241374,2140.553798202689,15.666383413772564,1.0551804877956497,0.05892024356759884,0.0037171448392277952,14.992635063611507,9.359365853958939e+31
Wolf 359,Wolf_359_001,2526.8615403521726,2526.8622348591716,2526.864086878304,3.666997629334219,1.0098390854708117,0.008810529902266717,0.0015397066574183,0.7691951219696987,4.1742092818906223e+30
Wolf 359,Wolf_359_002,2527.731527101064,2527.732221609461,2527.7333791232218,2.666911907363101,1.0084341549675844,0.007835198978669355,0.001330146101764762,0.7994800531490864,4.3385572310906933e+30
Wolf 359,Wolf_359_003,2530.361633774196,2530.3620967809593,2530.3639488077742,3.333648352709133,1.0123293510532614,0.011889075377149894,0.0010066853126376439,1.3873501627261975,7.528765798273341e+30
Wolf 359,Wolf_359_004,2530.4537721075003,2530.4549296242885,2530.456550147839,4.000378087948775,1.0137142754436985,0.01348437172690331,0.0011832906827640203,1.7601295092339373,9.551736256412863e+30
Wolf 359,Wolf_359_005,2533.7267690725885,2533.7276950872756,2533.730936138337,6.000574677600525,1.0102605722270355,0.010551221572619562,0.001305230695834597,2.024860346857362,1.0988357326994627e+31
Wolf 359,Wolf_359_006,2537.1379733603835,2537.1386678693616,2537.1419089114584,5.667193547778879,1.0104478872989981,0.009813697993290127,0.0013578063316593038,1.8094541353662967,9.819407366573115e+30
Wolf 359,Wolf_359_007,2539.964624057532,2539.9660130825914,2539.9683281245516,5.333856508077588,1.0115104551502943,0.011078910818439036,0.0013217492320716927,2.2362937044413345,1.2135747707563217e+31
Wolf 359,Wolf_359_008,2541.165437445241,2541.166594968199,2541.167983995586,3.66703249674174,1.0082310249775899,0.008092012419275152,0.0013547215207610846,1.0575048862853766,5.73878666920485e+30
Wolf 359,Wolf_359_009,2543.015391649133,2543.0223367937533,2543.0260408709005,15.33487934502773,1.0123158940547916,0.011906778257682049,0.0017909896029334354,8.894277004716063,4.826678246960418e+31
Wolf 359,Wolf_359_010,2543.2424978874096,2543.2436554115907,2543.2445814309367,3.000302678992739,1.0097478619445344,0.012270163894719466,0.0012329552990857308,1.5540697587054562,8.433506955793435e+30
Wolf 359,Wolf_359_011,2545.467722885092,2545.4688804096218,2545.4742050226587,9.334278096139315,1.0081744310923046,0.00955171742248695,0.000993545577413478,2.486195913252444,1.3491897908975174e+31
Wolf 359,Wolf_359_012,2550.229542801728,2550.230237313675,2550.231394833577,2.6669258625770453,1.01280774229472,0.012735795479888568,0.001036017164056877,1.1124051978508145,6.036715482804587e+30
